"","ME","RMSE","MAE","MPE","MAPE"
"Test set",-6.50661331595045,7.77240656100273,6.50661331595045,-15.7319325691242,15.7319325691242
