"","ME","RMSE","MAE","MPE","MAPE"
"Test set",0.534792639787364,3.1291610697231,2.57559499976747,0.706265862145008,6.06904176725262
