"","ME","RMSE","MAE","MPE","MAPE"
"Test set",0.206731504453053,2.29633259016927,1.31977132113295,0.206269900924143,4.53408999447006
