"","ME","RMSE","MAE","MPE","MAPE"
"Test set",-0.0079627762848416,1.16067557791621,0.731924329354397,-0.305726636779275,3.09977328229238
