"","ME","RMSE","MAE","MPE","MAPE"
"Test set",-0.428958007093568,0.925999114257021,0.428958007093568,-2.38293129481571,2.38293129481571
