"","ME","RMSE","MAE","MPE","MAPE"
"Test set",0.203752727891435,0.908977339268808,0.808933040205744,0.850657997147646,4.21277084333825
