"","ME","RMSE","MAE","MPE","MAPE"
"Test set",-4.19588205895111,5.63620997519648,4.26247067262102,-10.3398118283289,10.4803461710875
