"","ME","RMSE","MAE","MPE","MAPE"
"Test set",-0.0758375891874668,2.66774179136,2.03237263837457,-1.64492942250047,10.1290141643936
