"","ME","RMSE","MAE","MPE","MAPE"
"Test set",-0.0528812423490518,2.27601937498089,1.68439468177966,-1.10204648205722,8.34835087756386
