"","ME","RMSE","MAE","MPE","MAPE"
"Test set",-0.0360038801795402,2.2592928683656,1.6075029138711,-0.932442697538067,7.97880021901832
