"","ME","RMSE","MAE","MPE","MAPE"
"Test set",-0.428147019706742,2.9432235631064,1.87326288663944,-2.25304967837761,8.33132427074676
