"","ME","RMSE","MAE","MPE","MAPE"
"Test set",-0.130608669483966,1.98369511262905,1.02645968124383,-0.63667202513266,3.6809323530097
