"","ME","RMSE","MAE","MPE","MAPE"
"Test set",-7.7286493119952,8.53189572589819,7.7286493119952,-19.0613099280017,19.0613099280017
