"","ME","RMSE","MAE","MPE","MAPE"
"Test set",-0.0785880548843584,2.73705831068018,2.08425465397475,-1.62394722339718,10.2947724133721
