"","ME","RMSE","MAE","MPE","MAPE"
"Test set",0.202221087120972,3.59837298131899,2.45147518093469,-1.29693281348973,10.8620724301902
