"","ME","RMSE","MAE","MPE","MAPE"
"Test set",-0.137242225291281,1.74698868164678,1.13125606916363,-0.988741257245671,4.83013462657789
