"","ME","RMSE","MAE","MPE","MAPE"
"Test set",-0.200309121717905,2.40328528125904,2.20645103939547,-2.57636716050738,16.9059522867757
