"","ME","RMSE","MAE","MPE","MAPE"
"Test set",-0.166444436658811,1.98757528034906,1.37681168253105,-1.03942376026996,6.90904301966603
