"","ME","RMSE","MAE","MPE","MAPE"
"Test set",-1.28571428571429,2.07019667802706,1.28571428571429,-7.73809523809524,7.73809523809524
