"","ME","RMSE","MAE","MPE","MAPE"
"Test set",-0.428959091550611,0.925999616619266,0.428959091550611,-2.38293684620296,2.38293684620296
