"","ME","RMSE","MAE","MPE","MAPE"
"Test set",0.63392661906112,2.39538315485772,2.10340438431704,2.34549850607592,11.3646140497039
