"","ME","RMSE","MAE","MPE","MAPE"
"Test set",-1.47970437406056,2.19594583171772,1.47970437406056,-8.78310136877012,8.78310136877012
