"","ME","RMSE","MAE","MPE","MAPE"
"Test set",0.000168902564634582,2.3068683949667,1.27364671474164,-0.460743720352956,4.4326108835982
