"","ME","RMSE","MAE","MPE","MAPE"
"Test set",-4.26939089051864,4.44043854753232,4.26939089051864,-33.4546260846279,33.4546260846279
