"","ME","RMSE","MAE","MPE","MAPE"
"Test set",-0.0129107971397795,1.66919861514352,1.1819432151357,-0.46308895564058,5.05062649697821
