"","ME","RMSE","MAE","MPE","MAPE"
"Test set",0.619519205317638,3.62554110324996,2.59917500361103,0.878389700304247,11.4817437579174
