"","ME","RMSE","MAE","MPE","MAPE"
"Test set",-7.71661133592195,8.52099260646757,7.71661133592195,-19.0326530163254,19.0326530163254
