"","ME","RMSE","MAE","MPE","MAPE"
"Test set",-5.4686486957954,5.60077152604115,5.4686486957954,-42.5601386899934,42.5601386899934
