"","ME","RMSE","MAE","MPE","MAPE"
"Test set",-0.161405920118838,2.49197884423936,1.77857426226625,-1.15003236898024,8.55009969018746
