"","ME","RMSE","MAE","MPE","MAPE"
"Test set",-8.89849624059915,9.76736731093562,8.89849624059915,-21.914409117084,21.914409117084
